dataset,precision,lang,id
mgsm,f16,sw,mgsm:sw:0
mgsm,f16,sw,mgsm:sw:1
mgsm,f16,sw,mgsm:sw:2
mgsm,f16,sw,mgsm:sw:3
mgsm,f16,sw,mgsm:sw:4
mgsm,f16,sw,mgsm:sw:5
mgsm,f16,sw,mgsm:sw:6
mgsm,f16,sw,mgsm:sw:7
mgsm,f16,sw,mgsm:sw:8
mgsm,f16,sw,mgsm:sw:9
mgsm,f16,sw,mgsm:sw:10
mgsm,f16,sw,mgsm:sw:11
mgsm,f16,sw,mgsm:sw:12
mgsm,f16,sw,mgsm:sw:13
mgsm,f16,sw,mgsm:sw:14
mgsm,f16,sw,mgsm:sw:15
mgsm,f16,sw,mgsm:sw:16
mgsm,f16,sw,mgsm:sw:17
mgsm,f16,sw,mgsm:sw:18
mgsm,f16,sw,mgsm:sw:19
mgsm,f16,sw,mgsm:sw:20
mgsm,f16,sw,mgsm:sw:21
mgsm,f16,sw,mgsm:sw:22
mgsm,f16,sw,mgsm:sw:23
mgsm,f16,sw,mgsm:sw:24
mgsm,f16,sw,mgsm:sw:25
mgsm,f16,sw,mgsm:sw:26
mgsm,f16,sw,mgsm:sw:27
mgsm,f16,sw,mgsm:sw:28
mgsm,f16,sw,mgsm:sw:29
mgsm,f16,sw,mgsm:sw:30
mgsm,f16,sw,mgsm:sw:31
mgsm,f16,sw,mgsm:sw:32
mgsm,f16,sw,mgsm:sw:33
mgsm,f16,sw,mgsm:sw:34
mgsm,f16,sw,mgsm:sw:35
mgsm,f16,sw,mgsm:sw:36
mgsm,f16,sw,mgsm:sw:37
mgsm,f16,sw,mgsm:sw:38
mgsm,f16,sw,mgsm:sw:39
mgsm,f16,sw,mgsm:sw:40
mgsm,f16,sw,mgsm:sw:41
mgsm,f16,sw,mgsm:sw:42
mgsm,f16,sw,mgsm:sw:43
mgsm,f16,sw,mgsm:sw:44
mgsm,f16,sw,mgsm:sw:45
mgsm,f16,sw,mgsm:sw:46
mgsm,f16,sw,mgsm:sw:47
mgsm,f16,sw,mgsm:sw:48
mgsm,f16,sw,mgsm:sw:49
mgsm,f16,sw,mgsm:sw:50
mgsm,f16,sw,mgsm:sw:51
mgsm,f16,sw,mgsm:sw:52
mgsm,f16,sw,mgsm:sw:53
mgsm,f16,sw,mgsm:sw:54
mgsm,f16,sw,mgsm:sw:55
mgsm,f16,sw,mgsm:sw:56
mgsm,f16,sw,mgsm:sw:57
mgsm,f16,sw,mgsm:sw:58
mgsm,f16,sw,mgsm:sw:59
mgsm,f16,sw,mgsm:sw:60
mgsm,f16,sw,mgsm:sw:61
mgsm,f16,sw,mgsm:sw:62
mgsm,f16,sw,mgsm:sw:63
mgsm,f16,sw,mgsm:sw:64
mgsm,f16,sw,mgsm:sw:65
mgsm,f16,sw,mgsm:sw:66
mgsm,f16,sw,mgsm:sw:67
mgsm,f16,sw,mgsm:sw:68
mgsm,f16,sw,mgsm:sw:69
mgsm,f16,sw,mgsm:sw:70
mgsm,f16,sw,mgsm:sw:71
mgsm,f16,sw,mgsm:sw:72
mgsm,f16,sw,mgsm:sw:73
mgsm,f16,sw,mgsm:sw:74
mgsm,f16,sw,mgsm:sw:75
mgsm,f16,sw,mgsm:sw:76
mgsm,f16,sw,mgsm:sw:77
mgsm,f16,sw,mgsm:sw:78
mgsm,f16,sw,mgsm:sw:79
mgsm,f16,sw,mgsm:sw:80
mgsm,f16,sw,mgsm:sw:81
mgsm,f16,sw,mgsm:sw:82
mgsm,f16,sw,mgsm:sw:83
mgsm,f16,sw,mgsm:sw:84
mgsm,f16,sw,mgsm:sw:85
mgsm,f16,sw,mgsm:sw:86
mgsm,f16,sw,mgsm:sw:87
mgsm,f16,sw,mgsm:sw:88
mgsm,f16,sw,mgsm:sw:89
mgsm,f16,sw,mgsm:sw:90
mgsm,f16,sw,mgsm:sw:91
mgsm,f16,sw,mgsm:sw:92
mgsm,f16,sw,mgsm:sw:93
mgsm,f16,sw,mgsm:sw:94
mgsm,f16,sw,mgsm:sw:95
mgsm,f16,sw,mgsm:sw:96
mgsm,f16,sw,mgsm:sw:97
mgsm,f16,sw,mgsm:sw:98
mgsm,f16,sw,mgsm:sw:99
mgsm,f16,sw,mgsm:sw:100
mgsm,f16,sw,mgsm:sw:101
mgsm,f16,sw,mgsm:sw:102
mgsm,f16,sw,mgsm:sw:103
mgsm,f16,sw,mgsm:sw:104
mgsm,f16,sw,mgsm:sw:105
mgsm,f16,sw,mgsm:sw:106
mgsm,f16,sw,mgsm:sw:107
mgsm,f16,sw,mgsm:sw:108
mgsm,f16,sw,mgsm:sw:109
mgsm,f16,sw,mgsm:sw:110
mgsm,f16,sw,mgsm:sw:111
mgsm,f16,sw,mgsm:sw:112
mgsm,f16,sw,mgsm:sw:113
mgsm,f16,sw,mgsm:sw:114
mgsm,f16,sw,mgsm:sw:115
mgsm,f16,sw,mgsm:sw:116
mgsm,f16,sw,mgsm:sw:117
mgsm,f16,sw,mgsm:sw:118
mgsm,f16,sw,mgsm:sw:119
mgsm,f16,sw,mgsm:sw:120
mgsm,f16,sw,mgsm:sw:121
mgsm,f16,sw,mgsm:sw:122
mgsm,f16,sw,mgsm:sw:123
mgsm,f16,sw,mgsm:sw:124
mgsm,f16,sw,mgsm:sw:125
mgsm,f16,sw,mgsm:sw:126
mgsm,f16,sw,mgsm:sw:127
mgsm,f16,sw,mgsm:sw:128
mgsm,f16,sw,mgsm:sw:129
mgsm,f16,sw,mgsm:sw:130
mgsm,f16,sw,mgsm:sw:131
mgsm,f16,sw,mgsm:sw:132
mgsm,f16,sw,mgsm:sw:133
mgsm,f16,sw,mgsm:sw:134
mgsm,f16,sw,mgsm:sw:135
mgsm,f16,sw,mgsm:sw:136
mgsm,f16,sw,mgsm:sw:137
mgsm,f16,sw,mgsm:sw:138
mgsm,f16,sw,mgsm:sw:139
mgsm,f16,sw,mgsm:sw:140
mgsm,f16,sw,mgsm:sw:141
mgsm,f16,sw,mgsm:sw:142
mgsm,f16,sw,mgsm:sw:143
mgsm,f16,sw,mgsm:sw:144
mgsm,f16,sw,mgsm:sw:145
mgsm,f16,sw,mgsm:sw:146
mgsm,f16,sw,mgsm:sw:147
mgsm,f16,sw,mgsm:sw:148
mgsm,f16,sw,mgsm:sw:149
mgsm,f16,sw,mgsm:sw:150
mgsm,f16,sw,mgsm:sw:151
mgsm,f16,sw,mgsm:sw:152
mgsm,f16,sw,mgsm:sw:153
mgsm,f16,sw,mgsm:sw:154
mgsm,f16,sw,mgsm:sw:155
mgsm,f16,sw,mgsm:sw:156
mgsm,f16,sw,mgsm:sw:157
mgsm,f16,sw,mgsm:sw:158
mgsm,f16,sw,mgsm:sw:159
mgsm,f16,sw,mgsm:sw:160
mgsm,f16,sw,mgsm:sw:161
mgsm,f16,sw,mgsm:sw:162
mgsm,f16,sw,mgsm:sw:163
mgsm,f16,sw,mgsm:sw:164
mgsm,f16,sw,mgsm:sw:165
mgsm,f16,sw,mgsm:sw:166
mgsm,f16,sw,mgsm:sw:167
mgsm,f16,sw,mgsm:sw:168
mgsm,f16,sw,mgsm:sw:169
mgsm,f16,sw,mgsm:sw:170
mgsm,f16,sw,mgsm:sw:171
mgsm,f16,sw,mgsm:sw:172
mgsm,f16,sw,mgsm:sw:173
mgsm,f16,sw,mgsm:sw:174
mgsm,f16,sw,mgsm:sw:175
mgsm,f16,sw,mgsm:sw:176
mgsm,f16,sw,mgsm:sw:177
mgsm,f16,sw,mgsm:sw:178
mgsm,f16,sw,mgsm:sw:179
mgsm,f16,sw,mgsm:sw:180
mgsm,f16,sw,mgsm:sw:181
mgsm,f16,sw,mgsm:sw:182
mgsm,f16,sw,mgsm:sw:183
mgsm,f16,sw,mgsm:sw:184
mgsm,f16,sw,mgsm:sw:185
mgsm,f16,sw,mgsm:sw:186
mgsm,f16,sw,mgsm:sw:187
mgsm,f16,sw,mgsm:sw:188
mgsm,f16,sw,mgsm:sw:189
mgsm,f16,sw,mgsm:sw:190
mgsm,f16,sw,mgsm:sw:191
mgsm,f16,sw,mgsm:sw:192
mgsm,f16,sw,mgsm:sw:193
mgsm,f16,sw,mgsm:sw:194
mgsm,f16,sw,mgsm:sw:195
mgsm,f16,sw,mgsm:sw:196
mgsm,f16,sw,mgsm:sw:197
mgsm,f16,sw,mgsm:sw:198
mgsm,f16,sw,mgsm:sw:199
mgsm,f16,sw,mgsm:sw:200
mgsm,f16,sw,mgsm:sw:201
mgsm,f16,sw,mgsm:sw:202
mgsm,f16,sw,mgsm:sw:203
mgsm,f16,sw,mgsm:sw:204
mgsm,f16,sw,mgsm:sw:205
mgsm,f16,sw,mgsm:sw:206
mgsm,f16,sw,mgsm:sw:207
mgsm,f16,sw,mgsm:sw:208
mgsm,f16,sw,mgsm:sw:209
mgsm,f16,sw,mgsm:sw:210
mgsm,f16,sw,mgsm:sw:211
mgsm,f16,sw,mgsm:sw:212
mgsm,f16,sw,mgsm:sw:213
mgsm,f16,sw,mgsm:sw:214
mgsm,f16,sw,mgsm:sw:215
mgsm,f16,sw,mgsm:sw:216
mgsm,f16,sw,mgsm:sw:217
mgsm,f16,sw,mgsm:sw:218
mgsm,f16,sw,mgsm:sw:219
mgsm,f16,sw,mgsm:sw:220
mgsm,f16,sw,mgsm:sw:221
mgsm,f16,sw,mgsm:sw:222
mgsm,f16,sw,mgsm:sw:223
mgsm,f16,sw,mgsm:sw:224
mgsm,f16,sw,mgsm:sw:225
mgsm,f16,sw,mgsm:sw:226
mgsm,f16,sw,mgsm:sw:227
mgsm,f16,sw,mgsm:sw:228
mgsm,f16,sw,mgsm:sw:229
mgsm,f16,sw,mgsm:sw:230
mgsm,f16,sw,mgsm:sw:231
mgsm,f16,sw,mgsm:sw:232
mgsm,f16,sw,mgsm:sw:233
mgsm,f16,sw,mgsm:sw:234
mgsm,f16,sw,mgsm:sw:235
mgsm,f16,sw,mgsm:sw:236
mgsm,f16,sw,mgsm:sw:237
mgsm,f16,sw,mgsm:sw:238
mgsm,f16,sw,mgsm:sw:239
mgsm,f16,sw,mgsm:sw:240
mgsm,f16,sw,mgsm:sw:241
mgsm,f16,sw,mgsm:sw:242
mgsm,f16,sw,mgsm:sw:243
mgsm,f16,sw,mgsm:sw:244
mgsm,f16,sw,mgsm:sw:245
mgsm,f16,sw,mgsm:sw:246
mgsm,f16,sw,mgsm:sw:247
mgsm,f16,sw,mgsm:sw:248
mgsm,f16,sw,mgsm:sw:249
